train_acc,train_loss,val_acc,val_loss
0.027284210526315793,4.3891325,0.0328,4.1744432
0.055305263157894746,4.066233,0.0476,4.125746
